<?xml version="1.0" encoding="utf-8" ?>
<dwsync>
<file name="fck_about.html" server="www.twe-shop.url.tw//www/shop/" local="129119698460000000" remote="130148617800000000" />
<file name="fck_anchor.html" server="www.twe-shop.url.tw//www/shop/" local="129119698460000000" remote="130148617800000000" />
<file name="fck_button.html" server="www.twe-shop.url.tw//www/shop/" local="129119698460000000" remote="130148617800000000" />
<file name="fck_checkbox.html" server="www.twe-shop.url.tw//www/shop/" local="129119698460000000" remote="130148617800000000" />
<file name="fck_colorselector.html" server="www.twe-shop.url.tw//www/shop/" local="129216545100000000" remote="130148617800000000" />
<file name="fck_div.html" server="www.twe-shop.url.tw//www/shop/" local="129119698460000000" remote="130148617800000000" />
<file name="fck_docprops.html" server="www.twe-shop.url.tw//www/shop/" local="129119698460000000" remote="130148617800000000" />
<file name="fck_flash.html" server="www.twe-shop.url.tw//www/shop/" local="129119698460000000" remote="130148617800000000" />
<file name="fck_form.html" server="www.twe-shop.url.tw//www/shop/" local="129119698460000000" remote="130148617800000000" />
<file name="fck_hiddenfield.html" server="www.twe-shop.url.tw//www/shop/" local="129119698460000000" remote="130148617800000000" />
<file name="fck_image.html" server="www.twe-shop.url.tw//www/shop/" local="129119698460000000" remote="130148617800000000" />
<file name="fck_link.html" server="www.twe-shop.url.tw//www/shop/" local="129119698460000000" remote="130148617800000000" />
<file name="fck_listprop.html" server="www.twe-shop.url.tw//www/shop/" local="129119698460000000" remote="130148617800000000" />
<file name="fck_paste.html" server="www.twe-shop.url.tw//www/shop/" local="129119698460000000" remote="130148617800000000" />
<file name="fck_radiobutton.html" server="www.twe-shop.url.tw//www/shop/" local="129119698460000000" remote="130148617800000000" />
<file name="fck_replace.html" server="www.twe-shop.url.tw//www/shop/" local="129119698460000000" remote="130148617800000000" />
<file name="fck_scayt.html" server="www.twe-shop.url.tw//www/shop/" local="129119698460000000" remote="130148617800000000" />
<file name="fck_select.html" server="www.twe-shop.url.tw//www/shop/" local="129119698460000000" remote="130148617800000000" />
<file name="fck_smiley.html" server="www.twe-shop.url.tw//www/shop/" local="129216545100000000" remote="130148617800000000" />
<file name="fck_source.html" server="www.twe-shop.url.tw//www/shop/" local="129119698460000000" remote="130148617800000000" />
<file name="fck_specialchar.html" server="www.twe-shop.url.tw//www/shop/" local="129216545100000000" remote="130148617800000000" />
<file name="fck_spellerpages.html" server="www.twe-shop.url.tw//www/shop/" local="129119698460000000" remote="130148617800000000" />
<file name="fck_table.html" server="www.twe-shop.url.tw//www/shop/" local="129119698460000000" remote="130148617800000000" />
<file name="fck_tablecell.html" server="www.twe-shop.url.tw//www/shop/" local="129119698460000000" remote="130148617800000000" />
<file name="fck_template.html" server="www.twe-shop.url.tw//www/shop/" local="129119698460000000" remote="130148617800000000" />
<file name="fck_textarea.html" server="www.twe-shop.url.tw//www/shop/" local="129119698460000000" remote="130148617800000000" />
<file name="fck_textfield.html" server="www.twe-shop.url.tw//www/shop/" local="129119698460000000" remote="130148617800000000" />
<file name="fck_about.html" server="swid.taiwan-so.com//swid/" local="129119698460000000" remote="130148978400000000" />
<file name="fck_anchor.html" server="swid.taiwan-so.com//swid/" local="129119698460000000" remote="130148978400000000" />
<file name="fck_button.html" server="swid.taiwan-so.com//swid/" local="129119698460000000" remote="130148978400000000" />
<file name="fck_checkbox.html" server="swid.taiwan-so.com//swid/" local="129119698460000000" remote="130148978400000000" />
<file name="fck_colorselector.html" server="swid.taiwan-so.com//swid/" local="129216545100000000" remote="130148978400000000" />
<file name="fck_div.html" server="swid.taiwan-so.com//swid/" local="129119698460000000" remote="130148978400000000" />
<file name="fck_docprops.html" server="swid.taiwan-so.com//swid/" local="129119698460000000" remote="130148978400000000" />
<file name="fck_flash.html" server="swid.taiwan-so.com//swid/" local="129119698460000000" remote="130148978400000000" />
<file name="fck_form.html" server="swid.taiwan-so.com//swid/" local="129119698460000000" remote="130148978400000000" />
<file name="fck_hiddenfield.html" server="swid.taiwan-so.com//swid/" local="129119698460000000" remote="130148978400000000" />
<file name="fck_image.html" server="swid.taiwan-so.com//swid/" local="129119698460000000" remote="130148978400000000" />
<file name="fck_link.html" server="swid.taiwan-so.com//swid/" local="129119698460000000" remote="130148978400000000" />
<file name="fck_listprop.html" server="swid.taiwan-so.com//swid/" local="129119698460000000" remote="130148978400000000" />
<file name="fck_paste.html" server="swid.taiwan-so.com//swid/" local="129119698460000000" remote="130148978400000000" />
<file name="fck_radiobutton.html" server="swid.taiwan-so.com//swid/" local="129119698460000000" remote="130148978400000000" />
<file name="fck_replace.html" server="swid.taiwan-so.com//swid/" local="129119698460000000" remote="130148978400000000" />
<file name="fck_scayt.html" server="swid.taiwan-so.com//swid/" local="129119698460000000" remote="130148978400000000" />
<file name="fck_select.html" server="swid.taiwan-so.com//swid/" local="129119698460000000" remote="130148978400000000" />
<file name="fck_smiley.html" server="swid.taiwan-so.com//swid/" local="129216545100000000" remote="130148978400000000" />
<file name="fck_source.html" server="swid.taiwan-so.com//swid/" local="129119698460000000" remote="130148978400000000" />
<file name="fck_specialchar.html" server="swid.taiwan-so.com//swid/" local="129216545100000000" remote="130148978400000000" />
<file name="fck_spellerpages.html" server="swid.taiwan-so.com//swid/" local="129119698460000000" remote="130148978400000000" />
<file name="fck_table.html" server="swid.taiwan-so.com//swid/" local="129119698460000000" remote="130148978400000000" />
<file name="fck_tablecell.html" server="swid.taiwan-so.com//swid/" local="129119698460000000" remote="130148978400000000" />
<file name="fck_template.html" server="swid.taiwan-so.com//swid/" local="129119698460000000" remote="130148978400000000" />
<file name="fck_textarea.html" server="swid.taiwan-so.com//swid/" local="129119698460000000" remote="130148979000000000" />
<file name="fck_textfield.html" server="swid.taiwan-so.com//swid/" local="129119698460000000" remote="130148979000000000" />
</dwsync>