<?xml version="1.0" encoding="utf-8" ?>
<dwsync>
<file name="fck.js" server="www.twe-shop.url.tw//www/shop/" local="129119698460000000" remote="130148618400000000" />
<file name="fckbrowserinfo.js" server="www.twe-shop.url.tw//www/shop/" local="129119698460000000" remote="130148618400000000" />
<file name="fckcodeformatter.js" server="www.twe-shop.url.tw//www/shop/" local="129119698460000000" remote="130148618400000000" />
<file name="fckcommands.js" server="www.twe-shop.url.tw//www/shop/" local="129119698460000000" remote="130148618400000000" />
<file name="fckconfig.js" server="www.twe-shop.url.tw//www/shop/" local="129119698460000000" remote="130148618400000000" />
<file name="fckdebug.js" server="www.twe-shop.url.tw//www/shop/" local="129119698460000000" remote="130148618400000000" />
<file name="fckdebug_empty.js" server="www.twe-shop.url.tw//www/shop/" local="129119698460000000" remote="130148618400000000" />
<file name="fckdialog.js" server="www.twe-shop.url.tw//www/shop/" local="129119698460000000" remote="130148618400000000" />
<file name="fckdocumentprocessor.js" server="www.twe-shop.url.tw//www/shop/" local="129119698460000000" remote="130148618400000000" />
<file name="fckdomtools.js" server="www.twe-shop.url.tw//www/shop/" local="129119698460000000" remote="130148618400000000" />
<file name="fcklanguagemanager.js" server="www.twe-shop.url.tw//www/shop/" local="129119698460000000" remote="130148618400000000" />
<file name="fcklisthandler.js" server="www.twe-shop.url.tw//www/shop/" local="129119698460000000" remote="130148618400000000" />
<file name="fcklistslib.js" server="www.twe-shop.url.tw//www/shop/" local="129119698460000000" remote="130148618400000000" />
<file name="fckplugins.js" server="www.twe-shop.url.tw//www/shop/" local="129119698460000000" remote="130148618400000000" />
<file name="fckregexlib.js" server="www.twe-shop.url.tw//www/shop/" local="129119698460000000" remote="130148618400000000" />
<file name="fckscayt.js" server="www.twe-shop.url.tw//www/shop/" local="129119698460000000" remote="130148618400000000" />
<file name="fckselection.js" server="www.twe-shop.url.tw//www/shop/" local="129119698460000000" remote="130148618400000000" />
<file name="fckselection_gecko.js" server="www.twe-shop.url.tw//www/shop/" local="129119698460000000" remote="130148618400000000" />
<file name="fckselection_ie.js" server="www.twe-shop.url.tw//www/shop/" local="129119698460000000" remote="130148618400000000" />
<file name="fckstyles.js" server="www.twe-shop.url.tw//www/shop/" local="129119698460000000" remote="130148618400000000" />
<file name="fcktablehandler.js" server="www.twe-shop.url.tw//www/shop/" local="129119698460000000" remote="130148618400000000" />
<file name="fcktablehandler_gecko.js" server="www.twe-shop.url.tw//www/shop/" local="129119698460000000" remote="130148618400000000" />
<file name="fcktablehandler_ie.js" server="www.twe-shop.url.tw//www/shop/" local="129119698460000000" remote="130148618400000000" />
<file name="fcktoolbaritems.js" server="www.twe-shop.url.tw//www/shop/" local="129119698460000000" remote="130148618400000000" />
<file name="fcktoolbarset.js" server="www.twe-shop.url.tw//www/shop/" local="129119698460000000" remote="130148618400000000" />
<file name="fcktools.js" server="www.twe-shop.url.tw//www/shop/" local="129119698460000000" remote="130148618400000000" />
<file name="fcktools_gecko.js" server="www.twe-shop.url.tw//www/shop/" local="129119698460000000" remote="130148618400000000" />
<file name="fcktools_ie.js" server="www.twe-shop.url.tw//www/shop/" local="129119698460000000" remote="130148618400000000" />
<file name="fckundo.js" server="www.twe-shop.url.tw//www/shop/" local="129119698460000000" remote="130148618400000000" />
<file name="fckurlparams.js" server="www.twe-shop.url.tw//www/shop/" local="129119698460000000" remote="130148618400000000" />
<file name="fckxhtml.js" server="www.twe-shop.url.tw//www/shop/" local="129119698460000000" remote="130148618400000000" />
<file name="fckxhtmlentities.js" server="www.twe-shop.url.tw//www/shop/" local="129119698460000000" remote="130148618400000000" />
<file name="fckxhtml_gecko.js" server="www.twe-shop.url.tw//www/shop/" local="129119698460000000" remote="130148618400000000" />
<file name="fckxhtml_ie.js" server="www.twe-shop.url.tw//www/shop/" local="129119698460000000" remote="130148618400000000" />
<file name="fck_contextmenu.js" server="www.twe-shop.url.tw//www/shop/" local="129119698460000000" remote="130148618400000000" />
<file name="fck_gecko.js" server="www.twe-shop.url.tw//www/shop/" local="129119698460000000" remote="130148618400000000" />
<file name="fck_ie.js" server="www.twe-shop.url.tw//www/shop/" local="129119698460000000" remote="130148618400000000" />
<file name="fcktools.js" server="swid.taiwan-so.com//swid/" local="129119698460000000" remote="130148979000000000" />
<file name="fck.js" server="swid.taiwan-so.com//swid/" local="129119698460000000" remote="130148979600000000" />
<file name="fckbrowserinfo.js" server="swid.taiwan-so.com//swid/" local="129119698460000000" remote="130148979600000000" />
<file name="fckcodeformatter.js" server="swid.taiwan-so.com//swid/" local="129119698460000000" remote="130148979600000000" />
<file name="fckcommands.js" server="swid.taiwan-so.com//swid/" local="129119698460000000" remote="130148979600000000" />
<file name="fckconfig.js" server="swid.taiwan-so.com//swid/" local="129119698460000000" remote="130148979600000000" />
<file name="fckdebug.js" server="swid.taiwan-so.com//swid/" local="129119698460000000" remote="130148979600000000" />
<file name="fckdebug_empty.js" server="swid.taiwan-so.com//swid/" local="129119698460000000" remote="130148979600000000" />
<file name="fckdialog.js" server="swid.taiwan-so.com//swid/" local="129119698460000000" remote="130148979600000000" />
<file name="fckdocumentprocessor.js" server="swid.taiwan-so.com//swid/" local="129119698460000000" remote="130148979600000000" />
<file name="fckdomtools.js" server="swid.taiwan-so.com//swid/" local="129119698460000000" remote="130148979600000000" />
<file name="fcklanguagemanager.js" server="swid.taiwan-so.com//swid/" local="129119698460000000" remote="130148979600000000" />
<file name="fcklisthandler.js" server="swid.taiwan-so.com//swid/" local="129119698460000000" remote="130148979600000000" />
<file name="fcklistslib.js" server="swid.taiwan-so.com//swid/" local="129119698460000000" remote="130148979600000000" />
<file name="fckplugins.js" server="swid.taiwan-so.com//swid/" local="129119698460000000" remote="130148979600000000" />
<file name="fckregexlib.js" server="swid.taiwan-so.com//swid/" local="129119698460000000" remote="130148979600000000" />
<file name="fckscayt.js" server="swid.taiwan-so.com//swid/" local="129119698460000000" remote="130148979600000000" />
<file name="fckselection.js" server="swid.taiwan-so.com//swid/" local="129119698460000000" remote="130148979600000000" />
<file name="fckselection_gecko.js" server="swid.taiwan-so.com//swid/" local="129119698460000000" remote="130148979600000000" />
<file name="fckselection_ie.js" server="swid.taiwan-so.com//swid/" local="129119698460000000" remote="130148979600000000" />
<file name="fckstyles.js" server="swid.taiwan-so.com//swid/" local="129119698460000000" remote="130148979600000000" />
<file name="fcktablehandler.js" server="swid.taiwan-so.com//swid/" local="129119698460000000" remote="130148979600000000" />
<file name="fcktablehandler_gecko.js" server="swid.taiwan-so.com//swid/" local="129119698460000000" remote="130148979600000000" />
<file name="fcktablehandler_ie.js" server="swid.taiwan-so.com//swid/" local="129119698460000000" remote="130148979600000000" />
<file name="fcktoolbaritems.js" server="swid.taiwan-so.com//swid/" local="129119698460000000" remote="130148979600000000" />
<file name="fcktoolbarset.js" server="swid.taiwan-so.com//swid/" local="129119698460000000" remote="130148979600000000" />
<file name="fcktools_gecko.js" server="swid.taiwan-so.com//swid/" local="129119698460000000" remote="130148979600000000" />
<file name="fcktools_ie.js" server="swid.taiwan-so.com//swid/" local="129119698460000000" remote="130148979600000000" />
<file name="fckundo.js" server="swid.taiwan-so.com//swid/" local="129119698460000000" remote="130148979600000000" />
<file name="fckurlparams.js" server="swid.taiwan-so.com//swid/" local="129119698460000000" remote="130148979600000000" />
<file name="fckxhtml.js" server="swid.taiwan-so.com//swid/" local="129119698460000000" remote="130148979600000000" />
<file name="fckxhtmlentities.js" server="swid.taiwan-so.com//swid/" local="129119698460000000" remote="130148979600000000" />
<file name="fckxhtml_gecko.js" server="swid.taiwan-so.com//swid/" local="129119698460000000" remote="130148979600000000" />
<file name="fckxhtml_ie.js" server="swid.taiwan-so.com//swid/" local="129119698460000000" remote="130148979600000000" />
<file name="fck_contextmenu.js" server="swid.taiwan-so.com//swid/" local="129119698460000000" remote="130148979600000000" />
<file name="fck_gecko.js" server="swid.taiwan-so.com//swid/" local="129119698460000000" remote="130148979600000000" />
<file name="fck_ie.js" server="swid.taiwan-so.com//swid/" local="129119698460000000" remote="130148979600000000" />
</dwsync>