<?xml version="1.0" encoding="utf-8" ?>
<dwsync>
<file name="fckconstants.js" server="www.twe-shop.url.tw//www/shop/" local="129119698460000000" remote="130148618400000000" />
<file name="fckeditorapi.js" server="www.twe-shop.url.tw//www/shop/" local="129119698460000000" remote="130148618400000000" />
<file name="fckjscoreextensions.js" server="www.twe-shop.url.tw//www/shop/" local="129119698460000000" remote="130148618400000000" />
<file name="fckscriptloader.js" server="www.twe-shop.url.tw//www/shop/" local="129119698460000000" remote="130148618400000000" />
<file name="fckconstants.js" server="swid.taiwan-so.com//swid/" local="129119698460000000" remote="130148979600000000" />
<file name="fckeditorapi.js" server="swid.taiwan-so.com//swid/" local="129119698460000000" remote="130148979600000000" />
<file name="fckjscoreextensions.js" server="swid.taiwan-so.com//swid/" local="129119698460000000" remote="130148979600000000" />
<file name="fckscriptloader.js" server="swid.taiwan-so.com//swid/" local="129119698460000000" remote="130148979600000000" />
</dwsync>