<?xml version="1.0" encoding="utf-8" ?>
<dwsync>
<file name="fckdebug.html" server="www.twe-shop.url.tw//www/shop/" local="129119698460000000" remote="130148617800000000" />
<file name="fckdialog.html" server="www.twe-shop.url.tw//www/shop/" local="129119698460000000" remote="130148617800000000" />
<file name="fckeditor.html" server="www.twe-shop.url.tw//www/shop/" local="129919396666348750" remote="130148617800000000" />
<file name="fckeditor.original.html" server="www.twe-shop.url.tw//www/shop/" local="129919391890567500" remote="130148617800000000" />
<file name="fckdebug.html" server="swid.taiwan-so.com//swid/" local="129119698460000000" remote="130148979000000000" />
<file name="fckdialog.html" server="swid.taiwan-so.com//swid/" local="129119698460000000" remote="130148979000000000" />
<file name="fckeditor.html" server="swid.taiwan-so.com//swid/" local="129919396666348750" remote="130148979000000000" />
<file name="fckeditor.original.html" server="swid.taiwan-so.com//swid/" local="129919391890567500" remote="130148979000000000" />
</dwsync>