<?xml version="1.0" encoding="utf-8" ?>
<dwsync>
<file name="ai.gif" server="www.twe-shop.url.tw//www/shop/" local="128870912560000000" remote="130148617800000000" />
<file name="avi.gif" server="www.twe-shop.url.tw//www/shop/" local="128870912560000000" remote="130148617800000000" />
<file name="bmp.gif" server="www.twe-shop.url.tw//www/shop/" local="128870912560000000" remote="130148617800000000" />
<file name="cs.gif" server="www.twe-shop.url.tw//www/shop/" local="128870912560000000" remote="130148617800000000" />
<file name="default.icon.gif" server="www.twe-shop.url.tw//www/shop/" local="128870912560000000" remote="130148617800000000" />
<file name="dll.gif" server="www.twe-shop.url.tw//www/shop/" local="128870912560000000" remote="130148617800000000" />
<file name="doc.gif" server="www.twe-shop.url.tw//www/shop/" local="128870912560000000" remote="130148617800000000" />
<file name="exe.gif" server="www.twe-shop.url.tw//www/shop/" local="128870912560000000" remote="130148617800000000" />
<file name="fla.gif" server="www.twe-shop.url.tw//www/shop/" local="128870912560000000" remote="130148617800000000" />
<file name="gif.gif" server="www.twe-shop.url.tw//www/shop/" local="128870912560000000" remote="130148617800000000" />
<file name="htm.gif" server="www.twe-shop.url.tw//www/shop/" local="128870912560000000" remote="130148617800000000" />
<file name="html.gif" server="www.twe-shop.url.tw//www/shop/" local="128870912560000000" remote="130148617800000000" />
<file name="jpg.gif" server="www.twe-shop.url.tw//www/shop/" local="128870912560000000" remote="130148617800000000" />
<file name="js.gif" server="www.twe-shop.url.tw//www/shop/" local="128870912560000000" remote="130148617800000000" />
<file name="mdb.gif" server="www.twe-shop.url.tw//www/shop/" local="128870912560000000" remote="130148617800000000" />
<file name="mp3.gif" server="www.twe-shop.url.tw//www/shop/" local="128870912560000000" remote="130148617800000000" />
<file name="pdf.gif" server="www.twe-shop.url.tw//www/shop/" local="128870912560000000" remote="130148617800000000" />
<file name="png.gif" server="www.twe-shop.url.tw//www/shop/" local="128870912560000000" remote="130148617800000000" />
<file name="ppt.gif" server="www.twe-shop.url.tw//www/shop/" local="128870912560000000" remote="130148617800000000" />
<file name="rdp.gif" server="www.twe-shop.url.tw//www/shop/" local="128870912560000000" remote="130148617800000000" />
<file name="swf.gif" server="www.twe-shop.url.tw//www/shop/" local="128870912560000000" remote="130148617800000000" />
<file name="swt.gif" server="www.twe-shop.url.tw//www/shop/" local="128870912560000000" remote="130148617800000000" />
<file name="txt.gif" server="www.twe-shop.url.tw//www/shop/" local="128870912560000000" remote="130148617800000000" />
<file name="vsd.gif" server="www.twe-shop.url.tw//www/shop/" local="128870912560000000" remote="130148617800000000" />
<file name="xls.gif" server="www.twe-shop.url.tw//www/shop/" local="128870912560000000" remote="130148617800000000" />
<file name="xml.gif" server="www.twe-shop.url.tw//www/shop/" local="128870912560000000" remote="130148617800000000" />
<file name="zip.gif" server="www.twe-shop.url.tw//www/shop/" local="128870912560000000" remote="130148617800000000" />
<file name="ai.gif" server="swid.taiwan-so.com//swid/" local="128870912560000000" remote="130148979000000000" />
<file name="avi.gif" server="swid.taiwan-so.com//swid/" local="128870912560000000" remote="130148979000000000" />
<file name="bmp.gif" server="swid.taiwan-so.com//swid/" local="128870912560000000" remote="130148979000000000" />
<file name="cs.gif" server="swid.taiwan-so.com//swid/" local="128870912560000000" remote="130148979000000000" />
<file name="default.icon.gif" server="swid.taiwan-so.com//swid/" local="128870912560000000" remote="130148979000000000" />
<file name="dll.gif" server="swid.taiwan-so.com//swid/" local="128870912560000000" remote="130148979000000000" />
<file name="doc.gif" server="swid.taiwan-so.com//swid/" local="128870912560000000" remote="130148979000000000" />
<file name="exe.gif" server="swid.taiwan-so.com//swid/" local="128870912560000000" remote="130148979000000000" />
<file name="fla.gif" server="swid.taiwan-so.com//swid/" local="128870912560000000" remote="130148979000000000" />
<file name="gif.gif" server="swid.taiwan-so.com//swid/" local="128870912560000000" remote="130148979000000000" />
<file name="htm.gif" server="swid.taiwan-so.com//swid/" local="128870912560000000" remote="130148979000000000" />
<file name="html.gif" server="swid.taiwan-so.com//swid/" local="128870912560000000" remote="130148979000000000" />
<file name="jpg.gif" server="swid.taiwan-so.com//swid/" local="128870912560000000" remote="130148979000000000" />
<file name="js.gif" server="swid.taiwan-so.com//swid/" local="128870912560000000" remote="130148979000000000" />
<file name="mdb.gif" server="swid.taiwan-so.com//swid/" local="128870912560000000" remote="130148979000000000" />
<file name="mp3.gif" server="swid.taiwan-so.com//swid/" local="128870912560000000" remote="130148979000000000" />
<file name="pdf.gif" server="swid.taiwan-so.com//swid/" local="128870912560000000" remote="130148979000000000" />
<file name="png.gif" server="swid.taiwan-so.com//swid/" local="128870912560000000" remote="130148979000000000" />
<file name="ppt.gif" server="swid.taiwan-so.com//swid/" local="128870912560000000" remote="130148979000000000" />
<file name="rdp.gif" server="swid.taiwan-so.com//swid/" local="128870912560000000" remote="130148979000000000" />
<file name="swf.gif" server="swid.taiwan-so.com//swid/" local="128870912560000000" remote="130148979000000000" />
<file name="swt.gif" server="swid.taiwan-so.com//swid/" local="128870912560000000" remote="130148979000000000" />
<file name="txt.gif" server="swid.taiwan-so.com//swid/" local="128870912560000000" remote="130148979000000000" />
<file name="vsd.gif" server="swid.taiwan-so.com//swid/" local="128870912560000000" remote="130148979000000000" />
<file name="xls.gif" server="swid.taiwan-so.com//swid/" local="128870912560000000" remote="130148979000000000" />
<file name="xml.gif" server="swid.taiwan-so.com//swid/" local="128870912560000000" remote="130148979000000000" />
<file name="zip.gif" server="swid.taiwan-so.com//swid/" local="128870912560000000" remote="130148979000000000" />
</dwsync>