<?xml version="1.0" encoding="utf-8" ?>
<dwsync>
<file name="block_address.png" server="www.twe-shop.url.tw//www/shop/" local="128870912560000000" remote="130148617800000000" />
<file name="block_blockquote.png" server="www.twe-shop.url.tw//www/shop/" local="128870912560000000" remote="130148617800000000" />
<file name="block_div.png" server="www.twe-shop.url.tw//www/shop/" local="128870912560000000" remote="130148617800000000" />
<file name="block_h1.png" server="www.twe-shop.url.tw//www/shop/" local="128870912560000000" remote="130148617800000000" />
<file name="block_h2.png" server="www.twe-shop.url.tw//www/shop/" local="128870912560000000" remote="130148617800000000" />
<file name="block_h3.png" server="www.twe-shop.url.tw//www/shop/" local="128870912560000000" remote="130148617800000000" />
<file name="block_h4.png" server="www.twe-shop.url.tw//www/shop/" local="128870912560000000" remote="130148617800000000" />
<file name="block_h5.png" server="www.twe-shop.url.tw//www/shop/" local="128870912560000000" remote="130148617800000000" />
<file name="block_h6.png" server="www.twe-shop.url.tw//www/shop/" local="128870912560000000" remote="130148617800000000" />
<file name="block_p.png" server="www.twe-shop.url.tw//www/shop/" local="128870912560000000" remote="130148617800000000" />
<file name="block_pre.png" server="www.twe-shop.url.tw//www/shop/" local="128870912560000000" remote="130148617800000000" />
<file name="fck_anchor.gif" server="www.twe-shop.url.tw//www/shop/" local="128870912560000000" remote="130148617800000000" />
<file name="fck_flashlogo.gif" server="www.twe-shop.url.tw//www/shop/" local="128870912560000000" remote="130148617800000000" />
<file name="fck_hiddenfield.gif" server="www.twe-shop.url.tw//www/shop/" local="128870912560000000" remote="130148617800000000" />
<file name="fck_pagebreak.gif" server="www.twe-shop.url.tw//www/shop/" local="128870912560000000" remote="130148617800000000" />
<file name="fck_plugin.gif" server="www.twe-shop.url.tw//www/shop/" local="128870912560000000" remote="130148617800000000" />
<file name="fck_flashlogo.gif" server="swid.taiwan-so.com//swid/" local="128870912560000000" remote="130148978400000000" />
<file name="fck_plugin.gif" server="swid.taiwan-so.com//swid/" local="128870912560000000" remote="130148978400000000" />
<file name="fck_anchor.gif" server="swid.taiwan-so.com//swid/" local="128870912560000000" remote="130148978400000000" />
<file name="fck_pagebreak.gif" server="swid.taiwan-so.com//swid/" local="128870912560000000" remote="130148978400000000" />
<file name="fck_hiddenfield.gif" server="swid.taiwan-so.com//swid/" local="128870912560000000" remote="130148978400000000" />
<file name="block_p.png" server="swid.taiwan-so.com//swid/" local="128870912560000000" remote="130148978400000000" />
<file name="block_div.png" server="swid.taiwan-so.com//swid/" local="128870912560000000" remote="130148978400000000" />
<file name="block_pre.png" server="swid.taiwan-so.com//swid/" local="128870912560000000" remote="130148978400000000" />
<file name="block_address.png" server="swid.taiwan-so.com//swid/" local="128870912560000000" remote="130148978400000000" />
<file name="block_blockquote.png" server="swid.taiwan-so.com//swid/" local="128870912560000000" remote="130148978400000000" />
<file name="block_h1.png" server="swid.taiwan-so.com//swid/" local="128870912560000000" remote="130148978400000000" />
<file name="block_h2.png" server="swid.taiwan-so.com//swid/" local="128870912560000000" remote="130148978400000000" />
<file name="block_h3.png" server="swid.taiwan-so.com//swid/" local="128870912560000000" remote="130148978400000000" />
<file name="block_h4.png" server="swid.taiwan-so.com//swid/" local="128870912560000000" remote="130148978400000000" />
<file name="block_h5.png" server="swid.taiwan-so.com//swid/" local="128870912560000000" remote="130148978400000000" />
<file name="block_h6.png" server="swid.taiwan-so.com//swid/" local="128870912560000000" remote="130148978400000000" />
</dwsync>