<?xml version="1.0" encoding="utf-8" ?>
<dwsync>
<file name="basexml.php" server="www.twe-shop.url.tw//www/shop/" local="129119698460000000" remote="130148617800000000" />
<file name="commands.php" server="www.twe-shop.url.tw//www/shop/" local="129119698460000000" remote="130148617800000000" />
<file name="config.php" server="www.twe-shop.url.tw//www/shop/" local="129683938322500000" remote="130148617800000000" />
<file name="connector.php" server="www.twe-shop.url.tw//www/shop/" local="129119698460000000" remote="130148617800000000" />
<file name="io.php" server="www.twe-shop.url.tw//www/shop/" local="129119698460000000" remote="130148617800000000" />
<file name="phpcompat.php" server="www.twe-shop.url.tw//www/shop/" local="129119698460000000" remote="130148617800000000" />
<file name="upload.php" server="www.twe-shop.url.tw//www/shop/" local="129119698460000000" remote="130148617800000000" />
<file name="util.php" server="www.twe-shop.url.tw//www/shop/" local="129119698460000000" remote="130148617800000000" />
<file name="util.php" server="swid.taiwan-so.com//swid/" local="129119698460000000" remote="130148979000000000" />
<file name="io.php" server="swid.taiwan-so.com//swid/" local="129119698460000000" remote="130148979000000000" />
<file name="phpcompat.php" server="swid.taiwan-so.com//swid/" local="129119698460000000" remote="130148979000000000" />
<file name="basexml.php" server="swid.taiwan-so.com//swid/" local="129119698460000000" remote="130148979000000000" />
<file name="commands.php" server="swid.taiwan-so.com//swid/" local="129119698460000000" remote="130148979000000000" />
<file name="config.php" server="swid.taiwan-so.com//swid/" local="129683938322500000" remote="130148979000000000" />
<file name="connector.php" server="swid.taiwan-so.com//swid/" local="129119698460000000" remote="130148979000000000" />
<file name="upload.php" server="swid.taiwan-so.com//swid/" local="129119698460000000" remote="130148979000000000" />
</dwsync>