<?xml version="1.0" encoding="utf-8" ?>
<dwsync>
<file name="angel_smile.gif" server="www.twe-shop.url.tw//www/shop/" local="128870912560000000" remote="130148617800000000" />
<file name="angry_smile.gif" server="www.twe-shop.url.tw//www/shop/" local="128870912560000000" remote="130148617800000000" />
<file name="broken_heart.gif" server="www.twe-shop.url.tw//www/shop/" local="128870912560000000" remote="130148617800000000" />
<file name="cake.gif" server="www.twe-shop.url.tw//www/shop/" local="128870912560000000" remote="130148617800000000" />
<file name="confused_smile.gif" server="www.twe-shop.url.tw//www/shop/" local="128870912560000000" remote="130148617800000000" />
<file name="cry_smile.gif" server="www.twe-shop.url.tw//www/shop/" local="128870912560000000" remote="130148617800000000" />
<file name="devil_smile.gif" server="www.twe-shop.url.tw//www/shop/" local="128870912560000000" remote="130148617800000000" />
<file name="embaressed_smile.gif" server="www.twe-shop.url.tw//www/shop/" local="128870912560000000" remote="130148617800000000" />
<file name="envelope.gif" server="www.twe-shop.url.tw//www/shop/" local="128870912560000000" remote="130148617800000000" />
<file name="heart.gif" server="www.twe-shop.url.tw//www/shop/" local="128870912560000000" remote="130148617800000000" />
<file name="kiss.gif" server="www.twe-shop.url.tw//www/shop/" local="128870912560000000" remote="130148617800000000" />
<file name="lightbulb.gif" server="www.twe-shop.url.tw//www/shop/" local="128870912560000000" remote="130148617800000000" />
<file name="omg_smile.gif" server="www.twe-shop.url.tw//www/shop/" local="128870912560000000" remote="130148617800000000" />
<file name="regular_smile.gif" server="www.twe-shop.url.tw//www/shop/" local="128870912560000000" remote="130148617800000000" />
<file name="sad_smile.gif" server="www.twe-shop.url.tw//www/shop/" local="128870912560000000" remote="130148617800000000" />
<file name="shades_smile.gif" server="www.twe-shop.url.tw//www/shop/" local="128870912560000000" remote="130148617800000000" />
<file name="teeth_smile.gif" server="www.twe-shop.url.tw//www/shop/" local="128870912560000000" remote="130148617800000000" />
<file name="thumbs_down.gif" server="www.twe-shop.url.tw//www/shop/" local="128870912560000000" remote="130148617800000000" />
<file name="thumbs_up.gif" server="www.twe-shop.url.tw//www/shop/" local="128870912560000000" remote="130148617800000000" />
<file name="tounge_smile.gif" server="www.twe-shop.url.tw//www/shop/" local="128870912560000000" remote="130148617800000000" />
<file name="whatchutalkingabout_smile.gif" server="www.twe-shop.url.tw//www/shop/" local="128870912560000000" remote="130148617800000000" />
<file name="wink_smile.gif" server="www.twe-shop.url.tw//www/shop/" local="128870912560000000" remote="130148617800000000" />
<file name="angel_smile.gif" server="swid.taiwan-so.com//swid/" local="128870912560000000" remote="130148979000000000" />
<file name="angry_smile.gif" server="swid.taiwan-so.com//swid/" local="128870912560000000" remote="130148979000000000" />
<file name="broken_heart.gif" server="swid.taiwan-so.com//swid/" local="128870912560000000" remote="130148979000000000" />
<file name="cake.gif" server="swid.taiwan-so.com//swid/" local="128870912560000000" remote="130148979000000000" />
<file name="confused_smile.gif" server="swid.taiwan-so.com//swid/" local="128870912560000000" remote="130148979000000000" />
<file name="cry_smile.gif" server="swid.taiwan-so.com//swid/" local="128870912560000000" remote="130148979000000000" />
<file name="devil_smile.gif" server="swid.taiwan-so.com//swid/" local="128870912560000000" remote="130148979000000000" />
<file name="embaressed_smile.gif" server="swid.taiwan-so.com//swid/" local="128870912560000000" remote="130148979000000000" />
<file name="envelope.gif" server="swid.taiwan-so.com//swid/" local="128870912560000000" remote="130148979000000000" />
<file name="heart.gif" server="swid.taiwan-so.com//swid/" local="128870912560000000" remote="130148979000000000" />
<file name="kiss.gif" server="swid.taiwan-so.com//swid/" local="128870912560000000" remote="130148979000000000" />
<file name="lightbulb.gif" server="swid.taiwan-so.com//swid/" local="128870912560000000" remote="130148979000000000" />
<file name="omg_smile.gif" server="swid.taiwan-so.com//swid/" local="128870912560000000" remote="130148979000000000" />
<file name="regular_smile.gif" server="swid.taiwan-so.com//swid/" local="128870912560000000" remote="130148979000000000" />
<file name="sad_smile.gif" server="swid.taiwan-so.com//swid/" local="128870912560000000" remote="130148979000000000" />
<file name="shades_smile.gif" server="swid.taiwan-so.com//swid/" local="128870912560000000" remote="130148979000000000" />
<file name="teeth_smile.gif" server="swid.taiwan-so.com//swid/" local="128870912560000000" remote="130148979000000000" />
<file name="thumbs_down.gif" server="swid.taiwan-so.com//swid/" local="128870912560000000" remote="130148979000000000" />
<file name="thumbs_up.gif" server="swid.taiwan-so.com//swid/" local="128870912560000000" remote="130148979000000000" />
<file name="tounge_smile.gif" server="swid.taiwan-so.com//swid/" local="128870912560000000" remote="130148979000000000" />
<file name="whatchutalkingabout_smile.gif" server="swid.taiwan-so.com//swid/" local="128870912560000000" remote="130148979000000000" />
<file name="wink_smile.gif" server="swid.taiwan-so.com//swid/" local="128870912560000000" remote="130148979000000000" />
</dwsync>