<?xml version="1.0" encoding="utf-8" ?>
<dwsync>
<file name="fckcontextmenu.js" server="www.twe-shop.url.tw//www/shop/" local="129119698460000000" remote="130148618400000000" />
<file name="fckdataprocessor.js" server="www.twe-shop.url.tw//www/shop/" local="129119698460000000" remote="130148618400000000" />
<file name="fckdocumentfragment_gecko.js" server="www.twe-shop.url.tw//www/shop/" local="129119698460000000" remote="130148618400000000" />
<file name="fckdocumentfragment_ie.js" server="www.twe-shop.url.tw//www/shop/" local="129119698460000000" remote="130148618400000000" />
<file name="fckdomrange.js" server="www.twe-shop.url.tw//www/shop/" local="129119698460000000" remote="130148618400000000" />
<file name="fckdomrangeiterator.js" server="www.twe-shop.url.tw//www/shop/" local="129119698460000000" remote="130148618400000000" />
<file name="fckdomrange_gecko.js" server="www.twe-shop.url.tw//www/shop/" local="129119698460000000" remote="130148618400000000" />
<file name="fckdomrange_ie.js" server="www.twe-shop.url.tw//www/shop/" local="129119698460000000" remote="130148618400000000" />
<file name="fckeditingarea.js" server="www.twe-shop.url.tw//www/shop/" local="129119698460000000" remote="130148618400000000" />
<file name="fckelementpath.js" server="www.twe-shop.url.tw//www/shop/" local="129119698460000000" remote="130148618400000000" />
<file name="fckenterkey.js" server="www.twe-shop.url.tw//www/shop/" local="129119698460000000" remote="130148618400000000" />
<file name="fckevents.js" server="www.twe-shop.url.tw//www/shop/" local="129119698460000000" remote="130148618400000000" />
<file name="fckhtmliterator.js" server="www.twe-shop.url.tw//www/shop/" local="129119698460000000" remote="130148618400000000" />
<file name="fckicon.js" server="www.twe-shop.url.tw//www/shop/" local="129119698460000000" remote="130148618400000000" />
<file name="fckiecleanup.js" server="www.twe-shop.url.tw//www/shop/" local="129119698460000000" remote="130148618400000000" />
<file name="fckimagepreloader.js" server="www.twe-shop.url.tw//www/shop/" local="129119698460000000" remote="130148618400000000" />
<file name="fckkeystrokehandler.js" server="www.twe-shop.url.tw//www/shop/" local="129119698460000000" remote="130148618400000000" />
<file name="fckmenublock.js" server="www.twe-shop.url.tw//www/shop/" local="129119698460000000" remote="130148618400000000" />
<file name="fckmenublockpanel.js" server="www.twe-shop.url.tw//www/shop/" local="129119698460000000" remote="130148618400000000" />
<file name="fckmenuitem.js" server="www.twe-shop.url.tw//www/shop/" local="129119698460000000" remote="130148618400000000" />
<file name="fckpanel.js" server="www.twe-shop.url.tw//www/shop/" local="129119698460000000" remote="130148618400000000" />
<file name="fckplugin.js" server="www.twe-shop.url.tw//www/shop/" local="129119698460000000" remote="130148618400000000" />
<file name="fckspecialcombo.js" server="www.twe-shop.url.tw//www/shop/" local="129119698460000000" remote="130148618400000000" />
<file name="fckstyle.js" server="www.twe-shop.url.tw//www/shop/" local="129119698460000000" remote="130148618400000000" />
<file name="fcktoolbar.js" server="www.twe-shop.url.tw//www/shop/" local="129119698460000000" remote="130148618400000000" />
<file name="fcktoolbarbreak_gecko.js" server="www.twe-shop.url.tw//www/shop/" local="129119698460000000" remote="130148618400000000" />
<file name="fcktoolbarbreak_ie.js" server="www.twe-shop.url.tw//www/shop/" local="129119698460000000" remote="130148618400000000" />
<file name="fcktoolbarbutton.js" server="www.twe-shop.url.tw//www/shop/" local="129119698460000000" remote="130148618400000000" />
<file name="fcktoolbarbuttonui.js" server="www.twe-shop.url.tw//www/shop/" local="129119698460000000" remote="130148618400000000" />
<file name="fcktoolbarfontformatcombo.js" server="www.twe-shop.url.tw//www/shop/" local="129119698460000000" remote="130148618400000000" />
<file name="fcktoolbarfontscombo.js" server="www.twe-shop.url.tw//www/shop/" local="129119698460000000" remote="130148618400000000" />
<file name="fcktoolbarfontsizecombo.js" server="www.twe-shop.url.tw//www/shop/" local="129119698460000000" remote="130148618400000000" />
<file name="fcktoolbarpanelbutton.js" server="www.twe-shop.url.tw//www/shop/" local="129216535140000000" remote="130148618400000000" />
<file name="fcktoolbarspecialcombo.js" server="www.twe-shop.url.tw//www/shop/" local="129119698460000000" remote="130148618400000000" />
<file name="fcktoolbarstylecombo.js" server="www.twe-shop.url.tw//www/shop/" local="129119698460000000" remote="130148618400000000" />
<file name="fckw3crange.js" server="www.twe-shop.url.tw//www/shop/" local="129119698460000000" remote="130148618400000000" />
<file name="fckxml.js" server="www.twe-shop.url.tw//www/shop/" local="129119698460000000" remote="130148618400000000" />
<file name="fckxml_gecko.js" server="www.twe-shop.url.tw//www/shop/" local="129119698460000000" remote="130148618400000000" />
<file name="fckxml_ie.js" server="www.twe-shop.url.tw//www/shop/" local="129119698460000000" remote="130148618400000000" />
<file name="fckcontextmenu.js" server="swid.taiwan-so.com//swid/" local="129119698460000000" remote="130148979600000000" />
<file name="fckdataprocessor.js" server="swid.taiwan-so.com//swid/" local="129119698460000000" remote="130148979600000000" />
<file name="fckdocumentfragment_gecko.js" server="swid.taiwan-so.com//swid/" local="129119698460000000" remote="130148979600000000" />
<file name="fckdocumentfragment_ie.js" server="swid.taiwan-so.com//swid/" local="129119698460000000" remote="130148979600000000" />
<file name="fckdomrange.js" server="swid.taiwan-so.com//swid/" local="129119698460000000" remote="130148979600000000" />
<file name="fckdomrangeiterator.js" server="swid.taiwan-so.com//swid/" local="129119698460000000" remote="130148979600000000" />
<file name="fckdomrange_gecko.js" server="swid.taiwan-so.com//swid/" local="129119698460000000" remote="130148979600000000" />
<file name="fckdomrange_ie.js" server="swid.taiwan-so.com//swid/" local="129119698460000000" remote="130148979600000000" />
<file name="fckeditingarea.js" server="swid.taiwan-so.com//swid/" local="129119698460000000" remote="130148979600000000" />
<file name="fckelementpath.js" server="swid.taiwan-so.com//swid/" local="129119698460000000" remote="130148979600000000" />
<file name="fckenterkey.js" server="swid.taiwan-so.com//swid/" local="129119698460000000" remote="130148979600000000" />
<file name="fckevents.js" server="swid.taiwan-so.com//swid/" local="129119698460000000" remote="130148979600000000" />
<file name="fckhtmliterator.js" server="swid.taiwan-so.com//swid/" local="129119698460000000" remote="130148979600000000" />
<file name="fckicon.js" server="swid.taiwan-so.com//swid/" local="129119698460000000" remote="130148979600000000" />
<file name="fckiecleanup.js" server="swid.taiwan-so.com//swid/" local="129119698460000000" remote="130148979600000000" />
<file name="fckimagepreloader.js" server="swid.taiwan-so.com//swid/" local="129119698460000000" remote="130148979600000000" />
<file name="fckkeystrokehandler.js" server="swid.taiwan-so.com//swid/" local="129119698460000000" remote="130148979600000000" />
<file name="fckmenublock.js" server="swid.taiwan-so.com//swid/" local="129119698460000000" remote="130148979600000000" />
<file name="fckmenublockpanel.js" server="swid.taiwan-so.com//swid/" local="129119698460000000" remote="130148979600000000" />
<file name="fckmenuitem.js" server="swid.taiwan-so.com//swid/" local="129119698460000000" remote="130148979600000000" />
<file name="fckpanel.js" server="swid.taiwan-so.com//swid/" local="129119698460000000" remote="130148979600000000" />
<file name="fckplugin.js" server="swid.taiwan-so.com//swid/" local="129119698460000000" remote="130148979600000000" />
<file name="fckspecialcombo.js" server="swid.taiwan-so.com//swid/" local="129119698460000000" remote="130148979600000000" />
<file name="fckstyle.js" server="swid.taiwan-so.com//swid/" local="129119698460000000" remote="130148979600000000" />
<file name="fcktoolbar.js" server="swid.taiwan-so.com//swid/" local="129119698460000000" remote="130148979600000000" />
<file name="fcktoolbarbreak_gecko.js" server="swid.taiwan-so.com//swid/" local="129119698460000000" remote="130148979600000000" />
<file name="fcktoolbarbreak_ie.js" server="swid.taiwan-so.com//swid/" local="129119698460000000" remote="130148979600000000" />
<file name="fcktoolbarbutton.js" server="swid.taiwan-so.com//swid/" local="129119698460000000" remote="130148979600000000" />
<file name="fcktoolbarbuttonui.js" server="swid.taiwan-so.com//swid/" local="129119698460000000" remote="130148979600000000" />
<file name="fcktoolbarfontformatcombo.js" server="swid.taiwan-so.com//swid/" local="129119698460000000" remote="130148979600000000" />
<file name="fcktoolbarfontscombo.js" server="swid.taiwan-so.com//swid/" local="129119698460000000" remote="130148979600000000" />
<file name="fcktoolbarfontsizecombo.js" server="swid.taiwan-so.com//swid/" local="129119698460000000" remote="130148979600000000" />
<file name="fcktoolbarpanelbutton.js" server="swid.taiwan-so.com//swid/" local="129216535140000000" remote="130148979600000000" />
<file name="fcktoolbarspecialcombo.js" server="swid.taiwan-so.com//swid/" local="129119698460000000" remote="130148979600000000" />
<file name="fcktoolbarstylecombo.js" server="swid.taiwan-so.com//swid/" local="129119698460000000" remote="130148979600000000" />
<file name="fckw3crange.js" server="swid.taiwan-so.com//swid/" local="129119698460000000" remote="130148979600000000" />
<file name="fckxml.js" server="swid.taiwan-so.com//swid/" local="129119698460000000" remote="130148979600000000" />
<file name="fckxml_gecko.js" server="swid.taiwan-so.com//swid/" local="129119698460000000" remote="130148979600000000" />
<file name="fckxml_ie.js" server="swid.taiwan-so.com//swid/" local="129119698460000000" remote="130148979600000000" />
</dwsync>