<?xml version="1.0" encoding="utf-8" ?>
<dwsync>
<file name="fckblockquotecommand.js" server="www.twe-shop.url.tw//www/shop/" local="129119698460000000" remote="130148618400000000" />
<file name="fckcorestylecommand.js" server="www.twe-shop.url.tw//www/shop/" local="129119698460000000" remote="130148618400000000" />
<file name="fckfitwindow.js" server="www.twe-shop.url.tw//www/shop/" local="129119698460000000" remote="130148618400000000" />
<file name="fckindentcommands.js" server="www.twe-shop.url.tw//www/shop/" local="129119698460000000" remote="130148618400000000" />
<file name="fckjustifycommands.js" server="www.twe-shop.url.tw//www/shop/" local="129119698460000000" remote="130148618400000000" />
<file name="fcklistcommands.js" server="www.twe-shop.url.tw//www/shop/" local="129119698460000000" remote="130148618400000000" />
<file name="fcknamedcommand.js" server="www.twe-shop.url.tw//www/shop/" local="129119698460000000" remote="130148618400000000" />
<file name="fckpasteplaintextcommand.js" server="www.twe-shop.url.tw//www/shop/" local="129119698460000000" remote="130148618400000000" />
<file name="fckpastewordcommand.js" server="www.twe-shop.url.tw//www/shop/" local="129119698460000000" remote="130148618400000000" />
<file name="fckremoveformatcommand.js" server="www.twe-shop.url.tw//www/shop/" local="129119698460000000" remote="130148618400000000" />
<file name="fckshowblocks.js" server="www.twe-shop.url.tw//www/shop/" local="129119698460000000" remote="130148618400000000" />
<file name="fckspellcheckcommand_gecko.js" server="www.twe-shop.url.tw//www/shop/" local="129119698460000000" remote="130148618400000000" />
<file name="fckspellcheckcommand_ie.js" server="www.twe-shop.url.tw//www/shop/" local="129119698460000000" remote="130148618400000000" />
<file name="fckstylecommand.js" server="www.twe-shop.url.tw//www/shop/" local="129119698460000000" remote="130148618400000000" />
<file name="fcktablecommand.js" server="www.twe-shop.url.tw//www/shop/" local="129119698460000000" remote="130148618400000000" />
<file name="fcktextcolorcommand.js" server="www.twe-shop.url.tw//www/shop/" local="129119698460000000" remote="130148618400000000" />
<file name="fck_othercommands.js" server="www.twe-shop.url.tw//www/shop/" local="129119698460000000" remote="130148618400000000" />
<file name="fckblockquotecommand.js" server="swid.taiwan-so.com//swid/" local="129119698460000000" remote="130148979600000000" />
<file name="fckcorestylecommand.js" server="swid.taiwan-so.com//swid/" local="129119698460000000" remote="130148979600000000" />
<file name="fckfitwindow.js" server="swid.taiwan-so.com//swid/" local="129119698460000000" remote="130148979600000000" />
<file name="fckindentcommands.js" server="swid.taiwan-so.com//swid/" local="129119698460000000" remote="130148979600000000" />
<file name="fckjustifycommands.js" server="swid.taiwan-so.com//swid/" local="129119698460000000" remote="130148979600000000" />
<file name="fcklistcommands.js" server="swid.taiwan-so.com//swid/" local="129119698460000000" remote="130148979600000000" />
<file name="fcknamedcommand.js" server="swid.taiwan-so.com//swid/" local="129119698460000000" remote="130148979600000000" />
<file name="fckpasteplaintextcommand.js" server="swid.taiwan-so.com//swid/" local="129119698460000000" remote="130148979600000000" />
<file name="fckpastewordcommand.js" server="swid.taiwan-so.com//swid/" local="129119698460000000" remote="130148979600000000" />
<file name="fckremoveformatcommand.js" server="swid.taiwan-so.com//swid/" local="129119698460000000" remote="130148979600000000" />
<file name="fckshowblocks.js" server="swid.taiwan-so.com//swid/" local="129119698460000000" remote="130148979600000000" />
<file name="fckspellcheckcommand_gecko.js" server="swid.taiwan-so.com//swid/" local="129119698460000000" remote="130148979600000000" />
<file name="fckspellcheckcommand_ie.js" server="swid.taiwan-so.com//swid/" local="129119698460000000" remote="130148979600000000" />
<file name="fckstylecommand.js" server="swid.taiwan-so.com//swid/" local="129119698460000000" remote="130148979600000000" />
<file name="fcktablecommand.js" server="swid.taiwan-so.com//swid/" local="129119698460000000" remote="130148979600000000" />
<file name="fcktextcolorcommand.js" server="swid.taiwan-so.com//swid/" local="129119698460000000" remote="130148979600000000" />
<file name="fck_othercommands.js" server="swid.taiwan-so.com//swid/" local="129119698460000000" remote="130148979600000000" />
</dwsync>