<?xml version="1.0" encoding="utf-8" ?>
<dwsync>
<file name="browser.css" server="www.twe-shop.url.tw//www/shop/" local="129119698460000000" remote="130148617800000000" />
<file name="browser.php" server="www.twe-shop.url.tw//www/shop/" local="129683921781250000" remote="130148617800000000" />
<file name="frmactualfolder.html" server="www.twe-shop.url.tw//www/shop/" local="129119698460000000" remote="130148617800000000" />
<file name="frmcreatefolder.html" server="www.twe-shop.url.tw//www/shop/" local="129119698460000000" remote="130148617800000000" />
<file name="frmfolders.html" server="www.twe-shop.url.tw//www/shop/" local="129119698460000000" remote="130148617800000000" />
<file name="frmresourceslist.html" server="www.twe-shop.url.tw//www/shop/" local="129119698460000000" remote="130148617800000000" />
<file name="frmresourcetype.html" server="www.twe-shop.url.tw//www/shop/" local="129119698460000000" remote="130148617800000000" />
<file name="frmupload.html" server="www.twe-shop.url.tw//www/shop/" local="129119698460000000" remote="130148617800000000" />
<file name="browser.css" server="swid.taiwan-so.com//swid/" local="129119698460000000" remote="130148979000000000" />
<file name="browser.php" server="swid.taiwan-so.com//swid/" local="129683921781250000" remote="130148979000000000" />
<file name="frmactualfolder.html" server="swid.taiwan-so.com//swid/" local="129119698460000000" remote="130148979000000000" />
<file name="frmcreatefolder.html" server="swid.taiwan-so.com//swid/" local="129119698460000000" remote="130148979000000000" />
<file name="frmfolders.html" server="swid.taiwan-so.com//swid/" local="129119698460000000" remote="130148979000000000" />
<file name="frmresourceslist.html" server="swid.taiwan-so.com//swid/" local="129119698460000000" remote="130148979000000000" />
<file name="frmresourcetype.html" server="swid.taiwan-so.com//swid/" local="129119698460000000" remote="130148979000000000" />
<file name="frmupload.html" server="swid.taiwan-so.com//swid/" local="129119698460000000" remote="130148979000000000" />
</dwsync>