<?xml version="1.0" encoding="utf-8" ?>
<dwsync>
<file name="anchor.gif" server="www.twe-shop.url.tw//www/shop/" local="128870912560000000" remote="130148617800000000" />
<file name="arrow_ltr.gif" server="www.twe-shop.url.tw//www/shop/" local="128870912560000000" remote="130148617800000000" />
<file name="arrow_rtl.gif" server="www.twe-shop.url.tw//www/shop/" local="128870912560000000" remote="130148617800000000" />
<file name="spacer.gif" server="www.twe-shop.url.tw//www/shop/" local="128870912560000000" remote="130148617800000000" />
<file name="spacer.gif" server="swid.taiwan-so.com//swid/" local="128870912560000000" remote="130148979000000000" />
<file name="anchor.gif" server="swid.taiwan-so.com//swid/" local="128870912560000000" remote="130148979000000000" />
<file name="arrow_ltr.gif" server="swid.taiwan-so.com//swid/" local="128870912560000000" remote="130148979000000000" />
<file name="arrow_rtl.gif" server="swid.taiwan-so.com//swid/" local="128870912560000000" remote="130148979000000000" />
</dwsync>