<?xml version="1.0" encoding="utf-8" ?>
<dwsync>
<file name="fck_dialog.css" server="www.twe-shop.url.tw//www/shop/" local="129216545100000000" remote="130148618400000000" />
<file name="fck_dialog_ie6.js" server="www.twe-shop.url.tw//www/shop/" local="129119698460000000" remote="130148618400000000" />
<file name="fck_editor.css" server="www.twe-shop.url.tw//www/shop/" local="129119698460000000" remote="130148618400000000" />
<file name="fck_strip.gif" server="www.twe-shop.url.tw//www/shop/" local="128872882900000000" remote="130148618400000000" />
<file name="fck_dialog.css" server="swid.taiwan-so.com//swid/" local="129216545100000000" remote="130148979000000000" />
<file name="fck_dialog_ie6.js" server="swid.taiwan-so.com//swid/" local="129119698460000000" remote="130148979000000000" />
<file name="fck_editor.css" server="swid.taiwan-so.com//swid/" local="129119698460000000" remote="130148979000000000" />
<file name="fck_strip.gif" server="swid.taiwan-so.com//swid/" local="128872882900000000" remote="130148979000000000" />
</dwsync>