<?xml version="1.0" encoding="utf-8" ?>
<dwsync>
<file name="ButtonArrow.gif" server="www.twe-shop.url.tw//www/shop/" local="128870912560000000" remote="130148617800000000" />
<file name="Folder.gif" server="www.twe-shop.url.tw//www/shop/" local="128870912560000000" remote="130148617800000000" />
<file name="Folder32.gif" server="www.twe-shop.url.tw//www/shop/" local="128870912560000000" remote="130148617800000000" />
<file name="FolderOpened.gif" server="www.twe-shop.url.tw//www/shop/" local="128870912560000000" remote="130148617800000000" />
<file name="FolderOpened32.gif" server="www.twe-shop.url.tw//www/shop/" local="128870912560000000" remote="130148617800000000" />
<file name="FolderUp.gif" server="www.twe-shop.url.tw//www/shop/" local="128870912560000000" remote="130148617800000000" />
<file name="spacer.gif" server="www.twe-shop.url.tw//www/shop/" local="128870912560000000" remote="130148617800000000" />
<file name="FolderOpened.gif" server="swid.taiwan-so.com//swid/" local="128870912560000000" remote="130148979000000000" />
<file name="Folder.gif" server="swid.taiwan-so.com//swid/" local="128870912560000000" remote="130148979000000000" />
<file name="FolderOpened32.gif" server="swid.taiwan-so.com//swid/" local="128870912560000000" remote="130148979000000000" />
<file name="ButtonArrow.gif" server="swid.taiwan-so.com//swid/" local="128870912560000000" remote="130148979000000000" />
<file name="FolderUp.gif" server="swid.taiwan-so.com//swid/" local="128870912560000000" remote="130148979000000000" />
<file name="Folder32.gif" server="swid.taiwan-so.com//swid/" local="128870912560000000" remote="130148979000000000" />
<file name="spacer.gif" server="swid.taiwan-so.com//swid/" local="128870912560000000" remote="130148979000000000" />
</dwsync>