<?xml version="1.0" encoding="utf-8" ?>
<dwsync>
<file name="blank.html" server="www.twe-shop.url.tw//www/shop/" local="128870912560000000" remote="130148617800000000" />
<file name="controls.html" server="www.twe-shop.url.tw//www/shop/" local="129216518580000000" remote="130148617800000000" />
<file name="controlWindow.js" server="www.twe-shop.url.tw//www/shop/" local="129119698460000000" remote="130148617800000000" />
<file name="spellchecker.html" server="www.twe-shop.url.tw//www/shop/" local="129119698460000000" remote="130148617800000000" />
<file name="spellChecker.js" server="www.twe-shop.url.tw//www/shop/" local="129119698460000000" remote="130148617800000000" />
<file name="spellerStyle.css" server="www.twe-shop.url.tw//www/shop/" local="129119698460000000" remote="130148617800000000" />
<file name="wordWindow.js" server="www.twe-shop.url.tw//www/shop/" local="129119698460000000" remote="130148617800000000" />
<file name="spellerStyle.css" server="swid.taiwan-so.com//swid/" local="129119698460000000" remote="130148978400000000" />
<file name="controlWindow.js" server="swid.taiwan-so.com//swid/" local="129119698460000000" remote="130148978400000000" />
<file name="blank.html" server="swid.taiwan-so.com//swid/" local="128870912560000000" remote="130148978400000000" />
<file name="controls.html" server="swid.taiwan-so.com//swid/" local="129216518580000000" remote="130148978400000000" />
<file name="spellchecker.html" server="swid.taiwan-so.com//swid/" local="129119698460000000" remote="130148978400000000" />
<file name="spellChecker.js" server="swid.taiwan-so.com//swid/" local="129119698460000000" remote="130148978400000000" />
<file name="wordWindow.js" server="swid.taiwan-so.com//swid/" local="129119698460000000" remote="130148978400000000" />
</dwsync>