<?xml version="1.0" encoding="utf-8" ?>
<dwsync>
<file name="dialog.sides.gif" server="www.twe-shop.url.tw//www/shop/" local="128872882900000000" remote="130148618400000000" />
<file name="dialog.sides.png" server="www.twe-shop.url.tw//www/shop/" local="128872882900000000" remote="130148618400000000" />
<file name="dialog.sides.rtl.png" server="www.twe-shop.url.tw//www/shop/" local="128872882900000000" remote="130148618400000000" />
<file name="sprites.gif" server="www.twe-shop.url.tw//www/shop/" local="128872882900000000" remote="130148618400000000" />
<file name="sprites.png" server="www.twe-shop.url.tw//www/shop/" local="128872882900000000" remote="130148618400000000" />
<file name="toolbar.arrowright.gif" server="www.twe-shop.url.tw//www/shop/" local="128872882900000000" remote="130148618400000000" />
<file name="toolbar.buttonarrow.gif" server="www.twe-shop.url.tw//www/shop/" local="128872882900000000" remote="130148618400000000" />
<file name="toolbar.collapse.gif" server="www.twe-shop.url.tw//www/shop/" local="128872882900000000" remote="130148618400000000" />
<file name="toolbar.end.gif" server="www.twe-shop.url.tw//www/shop/" local="128872882900000000" remote="130148618400000000" />
<file name="toolbar.expand.gif" server="www.twe-shop.url.tw//www/shop/" local="128872882900000000" remote="130148618400000000" />
<file name="toolbar.separator.gif" server="www.twe-shop.url.tw//www/shop/" local="128872882900000000" remote="130148618400000000" />
<file name="toolbar.start.gif" server="www.twe-shop.url.tw//www/shop/" local="128872882900000000" remote="130148618400000000" />
<file name="sprites.png" server="swid.taiwan-so.com//swid/" local="128872882900000000" remote="130148979000000000" />
<file name="sprites.gif" server="swid.taiwan-so.com//swid/" local="128872882900000000" remote="130148979000000000" />
<file name="dialog.sides.png" server="swid.taiwan-so.com//swid/" local="128872882900000000" remote="130148979000000000" />
<file name="dialog.sides.gif" server="swid.taiwan-so.com//swid/" local="128872882900000000" remote="130148979000000000" />
<file name="dialog.sides.rtl.png" server="swid.taiwan-so.com//swid/" local="128872882900000000" remote="130148979000000000" />
<file name="toolbar.start.gif" server="swid.taiwan-so.com//swid/" local="128872882900000000" remote="130148979000000000" />
<file name="toolbar.expand.gif" server="swid.taiwan-so.com//swid/" local="128872882900000000" remote="130148979000000000" />
<file name="toolbar.collapse.gif" server="swid.taiwan-so.com//swid/" local="128872882900000000" remote="130148979000000000" />
<file name="toolbar.arrowright.gif" server="swid.taiwan-so.com//swid/" local="128872882900000000" remote="130148979000000000" />
<file name="toolbar.buttonarrow.gif" server="swid.taiwan-so.com//swid/" local="128872882900000000" remote="130148979000000000" />
<file name="toolbar.end.gif" server="swid.taiwan-so.com//swid/" local="128872882900000000" remote="130148979000000000" />
<file name="toolbar.separator.gif" server="swid.taiwan-so.com//swid/" local="128872882900000000" remote="130148979000000000" />
</dwsync>